"Step","Qwen2.5-0.5B-Instruct-TreeRL - actor/entropy","Qwen2.5-0.5B-Instruct-TreeRL - actor/entropy__MIN","Qwen2.5-0.5B-Instruct-TreeRL - actor/entropy__MAX"
"1","0.39425963163375854","0.39425963163375854","0.39425963163375854"
"2","0.36731812357902527","0.36731812357902527","0.36731812357902527"
"3","0.3180293142795563","0.3180293142795563","0.3180293142795563"
"4","0.2665393054485321","0.2665393054485321","0.2665393054485321"
"5","0.27050450444221497","0.27050450444221497","0.27050450444221497"
"6","0.2755821645259857","0.2755821645259857","0.2755821645259857"
"7","0.25548386573791504","0.25548386573791504","0.25548386573791504"
"8","0.28361988067626953","0.28361988067626953","0.28361988067626953"
"9","0.2691405117511749","0.2691405117511749","0.2691405117511749"
"10","0.26923272013664246","0.26923272013664246","0.26923272013664246"
"11","0.21995174884796143","0.21995174884796143","0.21995174884796143"
"12","0.23997946083545685","0.23997946083545685","0.23997946083545685"
"13","0.21530131995677948","0.21530131995677948","0.21530131995677948"
"14","0.1939138025045395","0.1939138025045395","0.1939138025045395"
"15","0.2379700243473053","0.2379700243473053","0.2379700243473053"
"16","0.220418781042099","0.220418781042099","0.220418781042099"
"17","0.18934816122055054","0.18934816122055054","0.18934816122055054"
"18","0.2281551957130432","0.2281551957130432","0.2281551957130432"
"19","0.20593899488449097","0.20593899488449097","0.20593899488449097"
"20","0.1897011250257492","0.1897011250257492","0.1897011250257492"
"21","0.21525682508945465","0.21525682508945465","0.21525682508945465"
"22","0.2078365981578827","0.2078365981578827","0.2078365981578827"
"23","0.18937663733959198","0.18937663733959198","0.18937663733959198"
"24","0.18594425916671753","0.18594425916671753","0.18594425916671753"
"25","0.16818004846572876","0.16818004846572876","0.16818004846572876"
"26","0.1743345558643341","0.1743345558643341","0.1743345558643341"
"27","0.17054803669452667","0.17054803669452667","0.17054803669452667"
"28","0.17377781867980957","0.17377781867980957","0.17377781867980957"
"29","0.18281309306621552","0.18281309306621552","0.18281309306621552"
"30","0.16587349772453308","0.16587349772453308","0.16587349772453308"
"31","0.1513902097940445","0.1513902097940445","0.1513902097940445"
"32","0.17043544352054596","0.17043544352054596","0.17043544352054596"
"33","0.16355064511299133","0.16355064511299133","0.16355064511299133"
"34","0.1912773698568344","0.1912773698568344","0.1912773698568344"
"35","0.1530042439699173","0.1530042439699173","0.1530042439699173"
"36","0.1413443237543106","0.1413443237543106","0.1413443237543106"
"37","0.14866654574871063","0.14866654574871063","0.14866654574871063"
"38","0.14846128225326538","0.14846128225326538","0.14846128225326538"
"39","0.15364296734333038","0.15364296734333038","0.15364296734333038"
"40","0.17677372694015503","0.17677372694015503","0.17677372694015503"
"41","0.16133400797843933","0.16133400797843933","0.16133400797843933"
"42","0.1579260528087616","0.1579260528087616","0.1579260528087616"
"43","0.15891136229038239","0.15891136229038239","0.15891136229038239"
"44","0.16641603410243988","0.16641603410243988","0.16641603410243988"
"45","0.1682761311531067","0.1682761311531067","0.1682761311531067"
"46","0.19355885684490204","0.19355885684490204","0.19355885684490204"
"47","0.15373456478118896","0.15373456478118896","0.15373456478118896"
"48","0.1549459993839264","0.1549459993839264","0.1549459993839264"
"49","0.156691312789917","0.156691312789917","0.156691312789917"
"50","0.15622983872890472","0.15622983872890472","0.15622983872890472"
"51","0.17484231293201447","0.17484231293201447","0.17484231293201447"
"52","0.1672116070985794","0.1672116070985794","0.1672116070985794"
"53","0.1599237024784088","0.1599237024784088","0.1599237024784088"
"54","0.17430375516414642","0.17430375516414642","0.17430375516414642"
"55","0.1685071438550949","0.1685071438550949","0.1685071438550949"
"56","0.1787327378988266","0.1787327378988266","0.1787327378988266"
"57","0.17594589293003082","0.17594589293003082","0.17594589293003082"
"58","0.17254579067230225","0.17254579067230225","0.17254579067230225"
"59","0.15045121312141418","0.15045121312141418","0.15045121312141418"
"60","0.1544751226902008","0.1544751226902008","0.1544751226902008"
"61","0.17116239666938782","0.17116239666938782","0.17116239666938782"
"62","0.16101588308811188","0.16101588308811188","0.16101588308811188"
"63","0.18668891489505768","0.18668891489505768","0.18668891489505768"
"64","0.1517619490623474","0.1517619490623474","0.1517619490623474"
"65","0.20338408648967743","0.20338408648967743","0.20338408648967743"
"66","0.15380598604679108","0.15380598604679108","0.15380598604679108"
"67","0.1635124683380127","0.1635124683380127","0.1635124683380127"
"68","0.15533019602298737","0.15533019602298737","0.15533019602298737"
"69","0.1583796888589859","0.1583796888589859","0.1583796888589859"
"70","0.17776285111904144","0.17776285111904144","0.17776285111904144"
"71","0.16911686956882477","0.16911686956882477","0.16911686956882477"
"72","0.18117572367191315","0.18117572367191315","0.18117572367191315"
"73","0.17702819406986237","0.17702819406986237","0.17702819406986237"
"74","0.1630232334136963","0.1630232334136963","0.1630232334136963"
"75","0.1797141581773758","0.1797141581773758","0.1797141581773758"
"76","0.18013827502727509","0.18013827502727509","0.18013827502727509"
"77","0.16362975537776947","0.16362975537776947","0.16362975537776947"
"78","0.18726009130477905","0.18726009130477905","0.18726009130477905"
"79","0.14872723817825317","0.14872723817825317","0.14872723817825317"
"80","0.17556725442409515","0.17556725442409515","0.17556725442409515"
"81","0.1591978371143341","0.1591978371143341","0.1591978371143341"
"82","0.16876794397830963","0.16876794397830963","0.16876794397830963"
"83","0.19178713858127594","0.19178713858127594","0.19178713858127594"
"84","0.16812008619308472","0.16812008619308472","0.16812008619308472"
"85","0.15568065643310547","0.15568065643310547","0.15568065643310547"
"86","0.1809385120868683","0.1809385120868683","0.1809385120868683"
"87","0.17440737783908844","0.17440737783908844","0.17440737783908844"
"88","0.17378245294094086","0.17378245294094086","0.17378245294094086"
"89","0.17142458260059357","0.17142458260059357","0.17142458260059357"
"90","0.16140204668045044","0.16140204668045044","0.16140204668045044"
"91","0.14866648614406586","0.14866648614406586","0.14866648614406586"
"92","0.15063028037548065","0.15063028037548065","0.15063028037548065"
"93","0.14082005620002747","0.14082005620002747","0.14082005620002747"
"94","0.18456396460533142","0.18456396460533142","0.18456396460533142"
"95","0.16405051946640015","0.16405051946640015","0.16405051946640015"
"96","0.15915657579898834","0.15915657579898834","0.15915657579898834"
"97","0.17531991004943848","0.17531991004943848","0.17531991004943848"
"98","0.15150746703147888","0.15150746703147888","0.15150746703147888"
"99","0.17081865668296814","0.17081865668296814","0.17081865668296814"
"100","0.17621420323848724","0.17621420323848724","0.17621420323848724"
"101","0.1819278448820114","0.1819278448820114","0.1819278448820114"
"102","0.21461424231529236","0.21461424231529236","0.21461424231529236"
"103","0.16378909349441528","0.16378909349441528","0.16378909349441528"
"104","0.2109391838312149","0.2109391838312149","0.2109391838312149"
"105","0.15919771790504456","0.15919771790504456","0.15919771790504456"
"106","0.1910652220249176","0.1910652220249176","0.1910652220249176"
"107","0.159473717212677","0.159473717212677","0.159473717212677"
"108","0.17059803009033203","0.17059803009033203","0.17059803009033203"
"109","0.16572463512420654","0.16572463512420654","0.16572463512420654"
"110","0.1617799699306488","0.1617799699306488","0.1617799699306488"
"111","0.1727510690689087","0.1727510690689087","0.1727510690689087"
"112","0.21426427364349365","0.21426427364349365","0.21426427364349365"
"113","0.17669276893138885","0.17669276893138885","0.17669276893138885"
"114","0.17489326000213623","0.17489326000213623","0.17489326000213623"
"115","0.1902311146259308","0.1902311146259308","0.1902311146259308"
"116","0.17990632355213165","0.17990632355213165","0.17990632355213165"
"117","0.15875373780727386","0.15875373780727386","0.15875373780727386"
"118","0.15114648640155792","0.15114648640155792","0.15114648640155792"
"119","0.16938529908657074","0.16938529908657074","0.16938529908657074"
"120","0.17756587266921997","0.17756587266921997","0.17756587266921997"
"121","0.15674442052841187","0.15674442052841187","0.15674442052841187"
"122","0.15519477427005768","0.15519477427005768","0.15519477427005768"
"123","0.15341408550739288","0.15341408550739288","0.15341408550739288"
"124","0.17505131661891937","0.17505131661891937","0.17505131661891937"
"125","0.1729053109884262","0.1729053109884262","0.1729053109884262"
"126","0.15416929125785828","0.15416929125785828","0.15416929125785828"
"127","0.15737463533878326","0.15737463533878326","0.15737463533878326"
"128","0.16320547461509705","0.16320547461509705","0.16320547461509705"
"129","0.19216449558734894","0.19216449558734894","0.19216449558734894"
"130","0.20471839606761932","0.20471839606761932","0.20471839606761932"
"131","0.17325304448604584","0.17325304448604584","0.17325304448604584"
"132","0.17128553986549377","0.17128553986549377","0.17128553986549377"
"133","0.148325577378273","0.148325577378273","0.148325577378273"
"134","0.15761826932430267","0.15761826932430267","0.15761826932430267"
"135","0.14724086225032806","0.14724086225032806","0.14724086225032806"
"136","0.15037570893764496","0.15037570893764496","0.15037570893764496"
"137","0.12363401800394058","0.12363401800394058","0.12363401800394058"
"138","0.162104994058609","0.162104994058609","0.162104994058609"
"139","0.15863998234272003","0.15863998234272003","0.15863998234272003"
"140","0.1752387285232544","0.1752387285232544","0.1752387285232544"
"141","0.15369640290737152","0.15369640290737152","0.15369640290737152"
"142","0.15630021691322327","0.15630021691322327","0.15630021691322327"
"143","0.18126317858695984","0.18126317858695984","0.18126317858695984"
"144","0.14912603795528412","0.14912603795528412","0.14912603795528412"
"145","0.18068262934684753","0.18068262934684753","0.18068262934684753"
"146","0.16166901588439941","0.16166901588439941","0.16166901588439941"
"147","0.1689392328262329","0.1689392328262329","0.1689392328262329"
"148","0.1540624499320984","0.1540624499320984","0.1540624499320984"
"149","0.17739996314048767","0.17739996314048767","0.17739996314048767"
"150","0.1477033942937851","0.1477033942937851","0.1477033942937851"
"151","0.14261096715927124","0.14261096715927124","0.14261096715927124"
"152","0.15764425694942474","0.15764425694942474","0.15764425694942474"
"153","0.15398837625980377","0.15398837625980377","0.15398837625980377"
"154","0.14716073870658875","0.14716073870658875","0.14716073870658875"
"155","0.15123215317726135","0.15123215317726135","0.15123215317726135"
"156","0.15993382036685944","0.15993382036685944","0.15993382036685944"
"157","0.15250730514526367","0.15250730514526367","0.15250730514526367"
"158","0.1515350341796875","0.1515350341796875","0.1515350341796875"
"159","0.15818293392658234","0.15818293392658234","0.15818293392658234"
"160","0.1888299137353897","0.1888299137353897","0.1888299137353897"
"161","0.17344121634960175","0.17344121634960175","0.17344121634960175"
"162","0.1428045779466629","0.1428045779466629","0.1428045779466629"
"163","0.19074921309947968","0.19074921309947968","0.19074921309947968"
"164","0.16061243414878845","0.16061243414878845","0.16061243414878845"
"165","0.1660168170928955","0.1660168170928955","0.1660168170928955"
"166","0.15742221474647522","0.15742221474647522","0.15742221474647522"
"167","0.17527280747890472","0.17527280747890472","0.17527280747890472"
"168","0.1689755916595459","0.1689755916595459","0.1689755916595459"
"169","0.14680008590221405","0.14680008590221405","0.14680008590221405"
"170","0.15406911075115204","0.15406911075115204","0.15406911075115204"
"171","0.176296666264534","0.176296666264534","0.176296666264534"
"172","0.15006735920906067","0.15006735920906067","0.15006735920906067"
"173","0.14776025712490082","0.14776025712490082","0.14776025712490082"
"174","0.17235542833805084","0.17235542833805084","0.17235542833805084"
"175","0.1597144454717636","0.1597144454717636","0.1597144454717636"
"176","0.1629522740840912","0.1629522740840912","0.1629522740840912"
"177","0.14719463884830475","0.14719463884830475","0.14719463884830475"
"178","0.16610008478164673","0.16610008478164673","0.16610008478164673"
"179","0.16892416775226593","0.16892416775226593","0.16892416775226593"
"180","0.1977359503507614","0.1977359503507614","0.1977359503507614"
"181","0.18712446093559265","0.18712446093559265","0.18712446093559265"
"182","0.1511603742837906","0.1511603742837906","0.1511603742837906"
"183","0.1597500890493393","0.1597500890493393","0.1597500890493393"
"184","0.14974741637706757","0.14974741637706757","0.14974741637706757"
"185","0.16630138456821442","0.16630138456821442","0.16630138456821442"
"186","0.15940852463245392","0.15940852463245392","0.15940852463245392"
"187","0.17614497244358063","0.17614497244358063","0.17614497244358063"
"188","0.18254196643829346","0.18254196643829346","0.18254196643829346"
"189","0.14801621437072754","0.14801621437072754","0.14801621437072754"
"190","0.16615808010101318","0.16615808010101318","0.16615808010101318"
"191","0.19276608526706696","0.19276608526706696","0.19276608526706696"
"192","0.22326992452144623","0.22326992452144623","0.22326992452144623"
"193","0.18039116263389587","0.18039116263389587","0.18039116263389587"
"194","0.17557980120182037","0.17557980120182037","0.17557980120182037"
"195","0.17746077477931976","0.17746077477931976","0.17746077477931976"
"196","0.16813914477825165","0.16813914477825165","0.16813914477825165"
"197","0.22401967644691467","0.22401967644691467","0.22401967644691467"
"198","0.2116418182849884","0.2116418182849884","0.2116418182849884"
"199","0.1802297830581665","0.1802297830581665","0.1802297830581665"
"200","0.1935892403125763","0.1935892403125763","0.1935892403125763"
"201","0.1848762035369873","0.1848762035369873","0.1848762035369873"
"202","0.1807086020708084","0.1807086020708084","0.1807086020708084"
"203","0.17436152696609497","0.17436152696609497","0.17436152696609497"
"204","0.16093800961971283","0.16093800961971283","0.16093800961971283"
"205","0.18115195631980896","0.18115195631980896","0.18115195631980896"
"206","0.22543472051620483","0.22543472051620483","0.22543472051620483"
"207","0.1524367481470108","0.1524367481470108","0.1524367481470108"
"208","0.20486095547676086","0.20486095547676086","0.20486095547676086"
"209","0.20306919515132904","0.20306919515132904","0.20306919515132904"
"210","0.1992272436618805","0.1992272436618805","0.1992272436618805"
"211","0.1904434710741043","0.1904434710741043","0.1904434710741043"
"212","0.14874064922332764","0.14874064922332764","0.14874064922332764"
"213","0.2415866255760193","0.2415866255760193","0.2415866255760193"
"214","0.2509358823299408","0.2509358823299408","0.2509358823299408"
"215","0.14493846893310547","0.14493846893310547","0.14493846893310547"
"216","0.14247886836528778","0.14247886836528778","0.14247886836528778"
"217","0.2865736186504364","0.2865736186504364","0.2865736186504364"
"218","0.23308652639389038","0.23308652639389038","0.23308652639389038"
"219","0.2102855145931244","0.2102855145931244","0.2102855145931244"
"220","0.23836635053157806","0.23836635053157806","0.23836635053157806"
"221","0.17651192843914032","0.17651192843914032","0.17651192843914032"
"222","0.2406262904405594","0.2406262904405594","0.2406262904405594"
"223","0.2944028377532959","0.2944028377532959","0.2944028377532959"
"224","0.21318653225898743","0.21318653225898743","0.21318653225898743"
"225","0.16640421748161316","0.16640421748161316","0.16640421748161316"
"226","0.2305329293012619","0.2305329293012619","0.2305329293012619"
"227","0.1703210473060608","0.1703210473060608","0.1703210473060608"
"228","0.21323834359645844","0.21323834359645844","0.21323834359645844"
"229","0.20581896603107452","0.20581896603107452","0.20581896603107452"
"230","0.2284086048603058","0.2284086048603058","0.2284086048603058"
"231","0.23247511684894562","0.23247511684894562","0.23247511684894562"
"232","0.24112635850906372","0.24112635850906372","0.24112635850906372"
"233","0.22406774759292603","0.22406774759292603","0.22406774759292603"
"234","0.25048819184303284","0.25048819184303284","0.25048819184303284"
"235","0.19970037043094635","0.19970037043094635","0.19970037043094635"
"236","0.1988293081521988","0.1988293081521988","0.1988293081521988"
"237","0.26987993717193604","0.26987993717193604","0.26987993717193604"
"238","0.26951998472213745","0.26951998472213745","0.26951998472213745"
"239","0.34965819120407104","0.34965819120407104","0.34965819120407104"
"240","0.31750214099884033","0.31750214099884033","0.31750214099884033"
"241","0.1913374960422516","0.1913374960422516","0.1913374960422516"
"242","0.2205132246017456","0.2205132246017456","0.2205132246017456"
"243","0.2873477041721344","0.2873477041721344","0.2873477041721344"
"244","0.2909720242023468","0.2909720242023468","0.2909720242023468"
"245","0.2427038997411728","0.2427038997411728","0.2427038997411728"
"246","0.23708020150661469","0.23708020150661469","0.23708020150661469"
"247","0.29873207211494446","0.29873207211494446","0.29873207211494446"
"248","0.20827549695968628","0.20827549695968628","0.20827549695968628"
"249","0.2661408483982086","0.2661408483982086","0.2661408483982086"
"250","0.30237099528312683","0.30237099528312683","0.30237099528312683"
"251","0.31910133361816406","0.31910133361816406","0.31910133361816406"
"252","0.21098919212818146","0.21098919212818146","0.21098919212818146"
"253","0.2516686022281647","0.2516686022281647","0.2516686022281647"
"254","0.20096617937088013","0.20096617937088013","0.20096617937088013"
"255","0.20537076890468597","0.20537076890468597","0.20537076890468597"
"256","0.22018052637577057","0.22018052637577057","0.22018052637577057"
"257","0.23753492534160614","0.23753492534160614","0.23753492534160614"
"258","0.14925731718540192","0.14925731718540192","0.14925731718540192"
"259","0.19814296066761017","0.19814296066761017","0.19814296066761017"
"260","0.20874547958374023","0.20874547958374023","0.20874547958374023"
"261","0.22490838170051575","0.22490838170051575","0.22490838170051575"
"262","0.2496538907289505","0.2496538907289505","0.2496538907289505"
"263","0.20419737696647644","0.20419737696647644","0.20419737696647644"
"264","0.22422316670417786","0.22422316670417786","0.22422316670417786"
"265","0.2000472992658615","0.2000472992658615","0.2000472992658615"
"266","0.1859450340270996","0.1859450340270996","0.1859450340270996"
"267","0.21104519069194794","0.21104519069194794","0.21104519069194794"
"268","0.23914934694766998","0.23914934694766998","0.23914934694766998"
"269","0.2334146648645401","0.2334146648645401","0.2334146648645401"
"270","0.18265020847320557","0.18265020847320557","0.18265020847320557"
"271","0.16505633294582367","0.16505633294582367","0.16505633294582367"
"272","0.1914186179637909","0.1914186179637909","0.1914186179637909"
"273","0.21567118167877197","0.21567118167877197","0.21567118167877197"
"274","0.2705240547657013","0.2705240547657013","0.2705240547657013"
"275","0.1949068307876587","0.1949068307876587","0.1949068307876587"
"276","0.25114041566848755","0.25114041566848755","0.25114041566848755"
"277","0.23339515924453735","0.23339515924453735","0.23339515924453735"
"278","0.2243959903717041","0.2243959903717041","0.2243959903717041"
"279","0.2754532992839813","0.2754532992839813","0.2754532992839813"
"280","0.17095522582530975","0.17095522582530975","0.17095522582530975"
"281","0.21384140849113464","0.21384140849113464","0.21384140849113464"
"282","0.186279296875","0.186279296875","0.186279296875"
"283","0.16604885458946228","0.16604885458946228","0.16604885458946228"
"284","0.16784119606018066","0.16784119606018066","0.16784119606018066"
"285","0.1939840316772461","0.1939840316772461","0.1939840316772461"
"286","0.14847832918167114","0.14847832918167114","0.14847832918167114"
"287","0.20957894623279572","0.20957894623279572","0.20957894623279572"
"288","0.22144261002540588","0.22144261002540588","0.22144261002540588"
"289","0.23155415058135986","0.23155415058135986","0.23155415058135986"
"290","0.2500756084918976","0.2500756084918976","0.2500756084918976"
"291","0.18776781857013702","0.18776781857013702","0.18776781857013702"
"292","0.202423095703125","0.202423095703125","0.202423095703125"
"293","0.182662233710289","0.182662233710289","0.182662233710289"
"294","0.18775637447834015","0.18775637447834015","0.18775637447834015"
"295","0.17013327777385712","0.17013327777385712","0.17013327777385712"
"296","0.15985335409641266","0.15985335409641266","0.15985335409641266"
"297","0.1992010921239853","0.1992010921239853","0.1992010921239853"
"298","0.16598418354988098","0.16598418354988098","0.16598418354988098"
"299","0.15501122176647186","0.15501122176647186","0.15501122176647186"
"300","0.1514221578836441","0.1514221578836441","0.1514221578836441"
"301","0.1442061960697174","0.1442061960697174","0.1442061960697174"
"302","0.19636012613773346","0.19636012613773346","0.19636012613773346"
"303","0.20554538071155548","0.20554538071155548","0.20554538071155548"
"304","0.1721363067626953","0.1721363067626953","0.1721363067626953"
"305","0.20043154060840607","0.20043154060840607","0.20043154060840607"
"306","0.19781020283699036","0.19781020283699036","0.19781020283699036"
"307","0.2504258155822754","0.2504258155822754","0.2504258155822754"
"308","0.20804612338542938","0.20804612338542938","0.20804612338542938"
"309","0.20883730053901672","0.20883730053901672","0.20883730053901672"
"310","0.19678717851638794","0.19678717851638794","0.19678717851638794"
"311","0.16866610944271088","0.16866610944271088","0.16866610944271088"
"312","0.18219850957393646","0.18219850957393646","0.18219850957393646"
"313","0.1751021295785904","0.1751021295785904","0.1751021295785904"
"314","0.19171173870563507","0.19171173870563507","0.19171173870563507"
"315","0.17960412800312042","0.17960412800312042","0.17960412800312042"
"316","0.19447873532772064","0.19447873532772064","0.19447873532772064"
"317","0.1861153244972229","0.1861153244972229","0.1861153244972229"
"318","0.19846509397029877","0.19846509397029877","0.19846509397029877"
"319","0.2035912275314331","0.2035912275314331","0.2035912275314331"
"320","0.20048996806144714","0.20048996806144714","0.20048996806144714"
"321","0.18417391180992126","0.18417391180992126","0.18417391180992126"
"322","0.17229613661766052","0.17229613661766052","0.17229613661766052"
"323","0.17405040562152863","0.17405040562152863","0.17405040562152863"
"324","0.17204979062080383","0.17204979062080383","0.17204979062080383"
"325","0.16891485452651978","0.16891485452651978","0.16891485452651978"
"326","0.20919382572174072","0.20919382572174072","0.20919382572174072"
"327","0.19010207056999207","0.19010207056999207","0.19010207056999207"
"328","0.17250248789787292","0.17250248789787292","0.17250248789787292"
"329","0.2091456651687622","0.2091456651687622","0.2091456651687622"
"330","0.17640019953250885","0.17640019953250885","0.17640019953250885"
"331","0.2019965648651123","0.2019965648651123","0.2019965648651123"
"332","0.2549896240234375","0.2549896240234375","0.2549896240234375"
"333","0.22993873059749603","0.22993873059749603","0.22993873059749603"
"334","0.20899233222007751","0.20899233222007751","0.20899233222007751"
"335","0.17712728679180145","0.17712728679180145","0.17712728679180145"
"336","0.2515302896499634","0.2515302896499634","0.2515302896499634"
"337","0.19035200774669647","0.19035200774669647","0.19035200774669647"
"338","0.2759997248649597","0.2759997248649597","0.2759997248649597"
"339","0.22451311349868774","0.22451311349868774","0.22451311349868774"
"340","0.19265545904636383","0.19265545904636383","0.19265545904636383"
"341","0.20472940802574158","0.20472940802574158","0.20472940802574158"
"342","0.23952679336071014","0.23952679336071014","0.23952679336071014"
"343","0.2772356867790222","0.2772356867790222","0.2772356867790222"
"344","0.29875755310058594","0.29875755310058594","0.29875755310058594"
"345","0.26934337615966797","0.26934337615966797","0.26934337615966797"
"346","0.27518534660339355","0.27518534660339355","0.27518534660339355"
"347","0.20118476450443268","0.20118476450443268","0.20118476450443268"
"348","0.21668748557567596","0.21668748557567596","0.21668748557567596"
"349","0.18877723813056946","0.18877723813056946","0.18877723813056946"
"350","0.17574654519557953","0.17574654519557953","0.17574654519557953"
"351","0.22820472717285156","0.22820472717285156","0.22820472717285156"
"352","0.20790503919124603","0.20790503919124603","0.20790503919124603"
"353","0.17011374235153198","0.17011374235153198","0.17011374235153198"
"354","0.20104719698429108","0.20104719698429108","0.20104719698429108"
"355","0.1920136660337448","0.1920136660337448","0.1920136660337448"
"356","0.19199912250041962","0.19199912250041962","0.19199912250041962"
"357","0.2201312929391861","0.2201312929391861","0.2201312929391861"
"358","0.2098395675420761","0.2098395675420761","0.2098395675420761"
"359","0.17836333811283112","0.17836333811283112","0.17836333811283112"
"360","0.19049373269081116","0.19049373269081116","0.19049373269081116"
"361","0.18634402751922607","0.18634402751922607","0.18634402751922607"
"362","0.20963436365127563","0.20963436365127563","0.20963436365127563"
"363","0.20304729044437408","0.20304729044437408","0.20304729044437408"
"364","0.19568794965744019","0.19568794965744019","0.19568794965744019"
"365","0.18310560286045074","0.18310560286045074","0.18310560286045074"
"366","0.2168426215648651","0.2168426215648651","0.2168426215648651"
"367","0.19025300443172455","0.19025300443172455","0.19025300443172455"
"368","0.22652149200439453","0.22652149200439453","0.22652149200439453"
"369","0.20493750274181366","0.20493750274181366","0.20493750274181366"
"370","0.22623933851718903","0.22623933851718903","0.22623933851718903"
"371","0.1795741319656372","0.1795741319656372","0.1795741319656372"
"372","0.21461276710033417","0.21461276710033417","0.21461276710033417"
"373","0.17948856949806213","0.17948856949806213","0.17948856949806213"
"374","0.20511753857135773","0.20511753857135773","0.20511753857135773"
"375","0.17771075665950775","0.17771075665950775","0.17771075665950775"
"376","0.21585334837436676","0.21585334837436676","0.21585334837436676"
"377","0.2383938878774643","0.2383938878774643","0.2383938878774643"
"378","0.20532524585723877","0.20532524585723877","0.20532524585723877"
"379","0.1916806846857071","0.1916806846857071","0.1916806846857071"
"380","0.20622386038303375","0.20622386038303375","0.20622386038303375"
"381","0.2714047431945801","0.2714047431945801","0.2714047431945801"
"382","0.34401530027389526","0.34401530027389526","0.34401530027389526"
"383","0.21562619507312775","0.21562619507312775","0.21562619507312775"
"384","0.1980922520160675","0.1980922520160675","0.1980922520160675"
"385","0.2398371696472168","0.2398371696472168","0.2398371696472168"
"386","0.16304142773151398","0.16304142773151398","0.16304142773151398"
"387","0.2375558465719223","0.2375558465719223","0.2375558465719223"
"388","0.23082691431045532","0.23082691431045532","0.23082691431045532"
"389","0.19668160378932953","0.19668160378932953","0.19668160378932953"
"390","0.22797314822673798","0.22797314822673798","0.22797314822673798"
"391","0.21121446788311005","0.21121446788311005","0.21121446788311005"
"392","0.2240307778120041","0.2240307778120041","0.2240307778120041"
"393","0.2912962734699249","0.2912962734699249","0.2912962734699249"
"394","0.20595119893550873","0.20595119893550873","0.20595119893550873"
"395","0.18137824535369873","0.18137824535369873","0.18137824535369873"
"396","0.19754725694656372","0.19754725694656372","0.19754725694656372"
"397","0.19616886973381042","0.19616886973381042","0.19616886973381042"
"398","0.19982574880123138","0.19982574880123138","0.19982574880123138"
"399","0.21319153904914856","0.21319153904914856","0.21319153904914856"
"400","0.1933767944574356","0.1933767944574356","0.1933767944574356"
"401","0.1862969845533371","0.1862969845533371","0.1862969845533371"
"402","0.20256096124649048","0.20256096124649048","0.20256096124649048"
"403","0.2030230462551117","0.2030230462551117","0.2030230462551117"
"404","0.24197621643543243","0.24197621643543243","0.24197621643543243"
"405","0.25562262535095215","0.25562262535095215","0.25562262535095215"
"406","0.2547159194946289","0.2547159194946289","0.2547159194946289"
"407","0.18503686785697937","0.18503686785697937","0.18503686785697937"
"408","0.1932823210954666","0.1932823210954666","0.1932823210954666"
"409","0.2674534320831299","0.2674534320831299","0.2674534320831299"
"410","0.2604963779449463","0.2604963779449463","0.2604963779449463"
"411","0.20719221234321594","0.20719221234321594","0.20719221234321594"
"412","0.248858243227005","0.248858243227005","0.248858243227005"
"413","0.27618053555488586","0.27618053555488586","0.27618053555488586"
"414","0.2609612047672272","0.2609612047672272","0.2609612047672272"
"415","0.240778386592865","0.240778386592865","0.240778386592865"
"416","0.2374943643808365","0.2374943643808365","0.2374943643808365"
"417","0.21071358025074005","0.21071358025074005","0.21071358025074005"
"418","0.24199780821800232","0.24199780821800232","0.24199780821800232"
"419","0.26031243801116943","0.26031243801116943","0.26031243801116943"
"420","0.2404034286737442","0.2404034286737442","0.2404034286737442"
"421","0.2650444209575653","0.2650444209575653","0.2650444209575653"
"422","0.23252537846565247","0.23252537846565247","0.23252537846565247"
"423","0.28877437114715576","0.28877437114715576","0.28877437114715576"
"424","0.21359971165657043","0.21359971165657043","0.21359971165657043"
"425","0.22040657699108124","0.22040657699108124","0.22040657699108124"
"426","0.21865858137607574","0.21865858137607574","0.21865858137607574"
"427","0.2106229066848755","0.2106229066848755","0.2106229066848755"
"428","0.24610501527786255","0.24610501527786255","0.24610501527786255"
"429","0.20448753237724304","0.20448753237724304","0.20448753237724304"
"430","0.18277953565120697","0.18277953565120697","0.18277953565120697"
"431","0.1881665587425232","0.1881665587425232","0.1881665587425232"
"432","0.21125590801239014","0.21125590801239014","0.21125590801239014"
"433","0.17077919840812683","0.17077919840812683","0.17077919840812683"
"434","0.19741614162921906","0.19741614162921906","0.19741614162921906"
"435","0.20287707448005676","0.20287707448005676","0.20287707448005676"
"436","0.21338924765586853","0.21338924765586853","0.21338924765586853"
"437","0.18579186499118805","0.18579186499118805","0.18579186499118805"
"438","0.16407060623168945","0.16407060623168945","0.16407060623168945"
"439","0.1978066861629486","0.1978066861629486","0.1978066861629486"
"440","0.17971090972423553","0.17971090972423553","0.17971090972423553"
"441","0.16532745957374573","0.16532745957374573","0.16532745957374573"
"442","0.22894755005836487","0.22894755005836487","0.22894755005836487"
"443","0.1918599158525467","0.1918599158525467","0.1918599158525467"
"444","0.15759292244911194","0.15759292244911194","0.15759292244911194"
"445","0.19245347380638123","0.19245347380638123","0.19245347380638123"
"446","0.17500950396060944","0.17500950396060944","0.17500950396060944"
"447","0.20970728993415833","0.20970728993415833","0.20970728993415833"
"448","0.18859359622001648","0.18859359622001648","0.18859359622001648"
"449","0.20488715171813965","0.20488715171813965","0.20488715171813965"
"450","0.25861385464668274","0.25861385464668274","0.25861385464668274"
"451","0.18867482244968414","0.18867482244968414","0.18867482244968414"
"452","0.24332813918590546","0.24332813918590546","0.24332813918590546"
"453","0.19622814655303955","0.19622814655303955","0.19622814655303955"
"454","0.25577884912490845","0.25577884912490845","0.25577884912490845"
"455","0.231120303273201","0.231120303273201","0.231120303273201"
"456","0.24494589865207672","0.24494589865207672","0.24494589865207672"
"457","0.23197053372859955","0.23197053372859955","0.23197053372859955"
"458","0.23667126893997192","0.23667126893997192","0.23667126893997192"
"459","0.2697145342826843","0.2697145342826843","0.2697145342826843"
"460","0.27302831411361694","0.27302831411361694","0.27302831411361694"
"461","0.2567111551761627","0.2567111551761627","0.2567111551761627"
"462","0.2527444064617157","0.2527444064617157","0.2527444064617157"
"463","0.23936016857624054","0.23936016857624054","0.23936016857624054"
"464","0.23244915902614594","0.23244915902614594","0.23244915902614594"
"465","0.23816852271556854","0.23816852271556854","0.23816852271556854"
"466","0.2160734385251999","0.2160734385251999","0.2160734385251999"
"467","0.25523561239242554","0.25523561239242554","0.25523561239242554"
"468","0.2618406116962433","0.2618406116962433","0.2618406116962433"
"469","0.2077554315328598","0.2077554315328598","0.2077554315328598"
"470","0.23070742189884186","0.23070742189884186","0.23070742189884186"
"471","0.21132971346378326","0.21132971346378326","0.21132971346378326"
"472","0.2620896100997925","0.2620896100997925","0.2620896100997925"
"473","0.24557624757289886","0.24557624757289886","0.24557624757289886"
"474","0.2147427648305893","0.2147427648305893","0.2147427648305893"
"475","0.18406061828136444","0.18406061828136444","0.18406061828136444"
"476","0.1905495822429657","0.1905495822429657","0.1905495822429657"
"477","0.22813697159290314","0.22813697159290314","0.22813697159290314"
"478","0.2313898354768753","0.2313898354768753","0.2313898354768753"
"479","0.22062133252620697","0.22062133252620697","0.22062133252620697"
"480","0.209840789437294","0.209840789437294","0.209840789437294"
"481","0.21427173912525177","0.21427173912525177","0.21427173912525177"
"482","0.202978253364563","0.202978253364563","0.202978253364563"
"483","0.19733628630638123","0.19733628630638123","0.19733628630638123"
"484","0.1889786720275879","0.1889786720275879","0.1889786720275879"
"485","0.1744103580713272","0.1744103580713272","0.1744103580713272"
"486","0.17894217371940613","0.17894217371940613","0.17894217371940613"
"487","0.20227663218975067","0.20227663218975067","0.20227663218975067"
"488","0.20474542677402496","0.20474542677402496","0.20474542677402496"
"489","0.18837834894657135","0.18837834894657135","0.18837834894657135"
"490","0.19072842597961426","0.19072842597961426","0.19072842597961426"
"491","0.19613687694072723","0.19613687694072723","0.19613687694072723"
"492","0.16151930391788483","0.16151930391788483","0.16151930391788483"
"493","0.18327665328979492","0.18327665328979492","0.18327665328979492"
"494","0.19489717483520508","0.19489717483520508","0.19489717483520508"
"495","0.2014753818511963","0.2014753818511963","0.2014753818511963"
"496","0.17597845196723938","0.17597845196723938","0.17597845196723938"
"497","0.18738071620464325","0.18738071620464325","0.18738071620464325"
"498","0.17276985943317413","0.17276985943317413","0.17276985943317413"
"499","0.18475091457366943","0.18475091457366943","0.18475091457366943"
"500","0.17092333734035492","0.17092333734035492","0.17092333734035492"
"501","0.19800600409507751","0.19800600409507751","0.19800600409507751"
"502","0.18643413484096527","0.18643413484096527","0.18643413484096527"
"503","0.17739024758338928","0.17739024758338928","0.17739024758338928"
"504","0.2015688121318817","0.2015688121318817","0.2015688121318817"
"505","0.19285109639167786","0.19285109639167786","0.19285109639167786"
"506","0.17123310267925262","0.17123310267925262","0.17123310267925262"
"507","0.18721871078014374","0.18721871078014374","0.18721871078014374"
"508","0.2073337435722351","0.2073337435722351","0.2073337435722351"
"509","0.2182084321975708","0.2182084321975708","0.2182084321975708"
"510","0.20532114803791046","0.20532114803791046","0.20532114803791046"
"511","0.20007340610027313","0.20007340610027313","0.20007340610027313"
"512","0.21221445500850677","0.21221445500850677","0.21221445500850677"
"513","0.21994681656360626","0.21994681656360626","0.21994681656360626"
"514","0.19299136102199554","0.19299136102199554","0.19299136102199554"
"515","0.20309913158416748","0.20309913158416748","0.20309913158416748"
"516","0.19999030232429504","0.19999030232429504","0.19999030232429504"
"517","0.2015320062637329","0.2015320062637329","0.2015320062637329"
"518","0.21983012557029724","0.21983012557029724","0.21983012557029724"
"519","0.21103927493095398","0.21103927493095398","0.21103927493095398"
"520","0.19013860821723938","0.19013860821723938","0.19013860821723938"
"521","0.1820739060640335","0.1820739060640335","0.1820739060640335"
"522","0.17679010331630707","0.17679010331630707","0.17679010331630707"
"523","0.207918182015419","0.207918182015419","0.207918182015419"
"524","0.19594277441501617","0.19594277441501617","0.19594277441501617"
"525","0.17290538549423218","0.17290538549423218","0.17290538549423218"
"526","0.2262205332517624","0.2262205332517624","0.2262205332517624"
"527","0.22461052238941193","0.22461052238941193","0.22461052238941193"
"528","0.22544388473033905","0.22544388473033905","0.22544388473033905"
"529","0.2197532206773758","0.2197532206773758","0.2197532206773758"
"530","0.200407013297081","0.200407013297081","0.200407013297081"
"531","0.18985027074813843","0.18985027074813843","0.18985027074813843"
"532","0.20697274804115295","0.20697274804115295","0.20697274804115295"
"533","0.20857730507850647","0.20857730507850647","0.20857730507850647"
"534","0.2286766767501831","0.2286766767501831","0.2286766767501831"
"535","0.2027091532945633","0.2027091532945633","0.2027091532945633"
"536","0.22042006254196167","0.22042006254196167","0.22042006254196167"
"537","0.19482482969760895","0.19482482969760895","0.19482482969760895"
"538","0.23376163840293884","0.23376163840293884","0.23376163840293884"
"539","0.21983446180820465","0.21983446180820465","0.21983446180820465"
"540","0.23627372086048126","0.23627372086048126","0.23627372086048126"
"541","0.2132389098405838","0.2132389098405838","0.2132389098405838"
"542","0.19827495515346527","0.19827495515346527","0.19827495515346527"
"543","0.18397203087806702","0.18397203087806702","0.18397203087806702"
"544","0.20769202709197998","0.20769202709197998","0.20769202709197998"
"545","0.23309066891670227","0.23309066891670227","0.23309066891670227"
"546","0.197537362575531","0.197537362575531","0.197537362575531"
"547","0.21458350121974945","0.21458350121974945","0.21458350121974945"
"548","0.19817706942558289","0.19817706942558289","0.19817706942558289"
"549","0.21049505472183228","0.21049505472183228","0.21049505472183228"
"550","0.21483634412288666","0.21483634412288666","0.21483634412288666"
"551","0.19865478575229645","0.19865478575229645","0.19865478575229645"
"552","0.22246268391609192","0.22246268391609192","0.22246268391609192"
"553","0.2074003666639328","0.2074003666639328","0.2074003666639328"
"554","0.19708478450775146","0.19708478450775146","0.19708478450775146"
"555","0.18970194458961487","0.18970194458961487","0.18970194458961487"
"556","0.2081366926431656","0.2081366926431656","0.2081366926431656"
"557","0.20697349309921265","0.20697349309921265","0.20697349309921265"
"558","0.20559577643871307","0.20559577643871307","0.20559577643871307"
"559","0.2030959129333496","0.2030959129333496","0.2030959129333496"
"560","0.21528083086013794","0.21528083086013794","0.21528083086013794"
"561","0.2253585010766983","0.2253585010766983","0.2253585010766983"
"562","0.22991202771663666","0.22991202771663666","0.22991202771663666"
"563","0.22422802448272705","0.22422802448272705","0.22422802448272705"
"564","0.21851490437984467","0.21851490437984467","0.21851490437984467"
"565","0.23381619155406952","0.23381619155406952","0.23381619155406952"
"566","0.21612469851970673","0.21612469851970673","0.21612469851970673"
"567","0.2458057701587677","0.2458057701587677","0.2458057701587677"
"568","0.24605011940002441","0.24605011940002441","0.24605011940002441"
"569","0.19564369320869446","0.19564369320869446","0.19564369320869446"
"570","0.2645549774169922","0.2645549774169922","0.2645549774169922"
"571","0.26391372084617615","0.26391372084617615","0.26391372084617615"
"572","0.2046462595462799","0.2046462595462799","0.2046462595462799"
"573","0.2000998705625534","0.2000998705625534","0.2000998705625534"
"574","0.21091872453689575","0.21091872453689575","0.21091872453689575"
"575","0.21299868822097778","0.21299868822097778","0.21299868822097778"
"576","0.2461642175912857","0.2461642175912857","0.2461642175912857"
"577","0.21754106879234314","0.21754106879234314","0.21754106879234314"
"578","0.2415314018726349","0.2415314018726349","0.2415314018726349"
"579","0.22198855876922607","0.22198855876922607","0.22198855876922607"
"580","0.22836188971996307","0.22836188971996307","0.22836188971996307"
"581","0.2301710546016693","0.2301710546016693","0.2301710546016693"
"582","0.2392318844795227","0.2392318844795227","0.2392318844795227"
"583","0.20601597428321838","0.20601597428321838","0.20601597428321838"
"584","0.22430361807346344","0.22430361807346344","0.22430361807346344"
"585","0.2205752283334732","0.2205752283334732","0.2205752283334732"
"586","0.20389065146446228","0.20389065146446228","0.20389065146446228"
"587","0.21352243423461914","0.21352243423461914","0.21352243423461914"
"588","0.19212114810943604","0.19212114810943604","0.19212114810943604"
"589","0.20459577441215515","0.20459577441215515","0.20459577441215515"
"590","0.22147242724895477","0.22147242724895477","0.22147242724895477"
"591","0.21186339855194092","0.21186339855194092","0.21186339855194092"
"592","0.2578825056552887","0.2578825056552887","0.2578825056552887"
"593","0.2365673929452896","0.2365673929452896","0.2365673929452896"
"594","0.21631091833114624","0.21631091833114624","0.21631091833114624"
"595","0.25097495317459106","0.25097495317459106","0.25097495317459106"
"596","0.23636005818843842","0.23636005818843842","0.23636005818843842"
"597","0.27361205220222473","0.27361205220222473","0.27361205220222473"
"598","0.2584870457649231","0.2584870457649231","0.2584870457649231"
"599","0.25229865312576294","0.25229865312576294","0.25229865312576294"
"600","0.24159835278987885","0.24159835278987885","0.24159835278987885"
"601","0.23032428324222565","0.23032428324222565","0.23032428324222565"
"602","0.22811786830425262","0.22811786830425262","0.22811786830425262"
"603","0.2105751484632492","0.2105751484632492","0.2105751484632492"
"604","0.24240359663963318","0.24240359663963318","0.24240359663963318"
"605","0.2353939563035965","0.2353939563035965","0.2353939563035965"
"606","0.2466067522764206","0.2466067522764206","0.2466067522764206"
"607","0.2552052140235901","0.2552052140235901","0.2552052140235901"
"608","0.2522795498371124","0.2522795498371124","0.2522795498371124"
"609","0.24901984632015228","0.24901984632015228","0.24901984632015228"
"610","0.2530963122844696","0.2530963122844696","0.2530963122844696"
"611","0.22390249371528625","0.22390249371528625","0.22390249371528625"
"612","0.22893984615802765","0.22893984615802765","0.22893984615802765"
"613","0.20828597247600555","0.20828597247600555","0.20828597247600555"
"614","0.22037824988365173","0.22037824988365173","0.22037824988365173"
"615","0.22300927340984344","0.22300927340984344","0.22300927340984344"
"616","0.22988992929458618","0.22988992929458618","0.22988992929458618"
"617","0.21521127223968506","0.21521127223968506","0.21521127223968506"
"618","0.2251853346824646","0.2251853346824646","0.2251853346824646"
"619","0.2133937031030655","0.2133937031030655","0.2133937031030655"
"620","0.22374944388866425","0.22374944388866425","0.22374944388866425"
"621","0.22942638397216797","0.22942638397216797","0.22942638397216797"
"622","0.23071980476379395","0.23071980476379395","0.23071980476379395"
"623","0.2031688094139099","0.2031688094139099","0.2031688094139099"
"624","0.21275348961353302","0.21275348961353302","0.21275348961353302"
"625","0.20210495591163635","0.20210495591163635","0.20210495591163635"
"626","0.21840578317642212","0.21840578317642212","0.21840578317642212"
"627","0.2367255836725235","0.2367255836725235","0.2367255836725235"
"628","0.20658816397190094","0.20658816397190094","0.20658816397190094"
"629","0.21855726838111877","0.21855726838111877","0.21855726838111877"
"630","0.21717225015163422","0.21717225015163422","0.21717225015163422"
"631","0.20507577061653137","0.20507577061653137","0.20507577061653137"
"632","0.18886762857437134","0.18886762857437134","0.18886762857437134"
"633","0.19136281311511993","0.19136281311511993","0.19136281311511993"
"634","0.16946998238563538","0.16946998238563538","0.16946998238563538"
"635","0.20406939089298248","0.20406939089298248","0.20406939089298248"
"636","0.19884595274925232","0.19884595274925232","0.19884595274925232"
"637","0.19034677743911743","0.19034677743911743","0.19034677743911743"
"638","0.1759965717792511","0.1759965717792511","0.1759965717792511"
"639","0.20881637930870056","0.20881637930870056","0.20881637930870056"
"640","0.20915637910366058","0.20915637910366058","0.20915637910366058"
"641","0.2065293937921524","0.2065293937921524","0.2065293937921524"
"642","0.22454684972763062","0.22454684972763062","0.22454684972763062"
"643","0.19589552283287048","0.19589552283287048","0.19589552283287048"
"644","0.21436700224876404","0.21436700224876404","0.21436700224876404"
"645","0.204808309674263","0.204808309674263","0.204808309674263"
"646","0.23773293197155","0.23773293197155","0.23773293197155"
"647","0.21720528602600098","0.21720528602600098","0.21720528602600098"
"648","0.24510490894317627","0.24510490894317627","0.24510490894317627"
"649","0.21109671890735626","0.21109671890735626","0.21109671890735626"
"650","0.18792985379695892","0.18792985379695892","0.18792985379695892"
"651","0.19540280103683472","0.19540280103683472","0.19540280103683472"
"652","0.19851700961589813","0.19851700961589813","0.19851700961589813"
"653","0.2075953185558319","0.2075953185558319","0.2075953185558319"
"654","0.2289632260799408","0.2289632260799408","0.2289632260799408"
"655","0.26346561312675476","0.26346561312675476","0.26346561312675476"
"656","0.240811288356781","0.240811288356781","0.240811288356781"
"657","0.2631717026233673","0.2631717026233673","0.2631717026233673"
"658","0.21937739849090576","0.21937739849090576","0.21937739849090576"
"659","0.2941931486129761","0.2941931486129761","0.2941931486129761"
"660","0.2443753331899643","0.2443753331899643","0.2443753331899643"
"661","0.2551330327987671","0.2551330327987671","0.2551330327987671"
"662","0.3212222158908844","0.3212222158908844","0.3212222158908844"
"663","0.27163031697273254","0.27163031697273254","0.27163031697273254"
"664","0.3082493841648102","0.3082493841648102","0.3082493841648102"
"665","0.2625512182712555","0.2625512182712555","0.2625512182712555"
"666","0.25178271532058716","0.25178271532058716","0.25178271532058716"
"667","0.24600471556186676","0.24600471556186676","0.24600471556186676"
"668","0.27946072816848755","0.27946072816848755","0.27946072816848755"
"669","0.2556781768798828","0.2556781768798828","0.2556781768798828"
"670","0.28339359164237976","0.28339359164237976","0.28339359164237976"
"671","0.2776997983455658","0.2776997983455658","0.2776997983455658"
"672","0.2613651156425476","0.2613651156425476","0.2613651156425476"
"673","0.30309900641441345","0.30309900641441345","0.30309900641441345"
"674","0.25732097029685974","0.25732097029685974","0.25732097029685974"
"675","0.2847253382205963","0.2847253382205963","0.2847253382205963"
"676","0.2432074099779129","0.2432074099779129","0.2432074099779129"
"677","0.26502928137779236","0.26502928137779236","0.26502928137779236"
"678","0.3501179814338684","0.3501179814338684","0.3501179814338684"
"679","0.32841452956199646","0.32841452956199646","0.32841452956199646"
"680","0.32964104413986206","0.32964104413986206","0.32964104413986206"
"681","0.36217719316482544","0.36217719316482544","0.36217719316482544"
"682","0.3392865061759949","0.3392865061759949","0.3392865061759949"
"683","0.36113113164901733","0.36113113164901733","0.36113113164901733"
"684","0.36781784892082214","0.36781784892082214","0.36781784892082214"
"685","0.32672613859176636","0.32672613859176636","0.32672613859176636"
"686","0.3552149832248688","0.3552149832248688","0.3552149832248688"
"687","0.37990596890449524","0.37990596890449524","0.37990596890449524"
"688","0.31054073572158813","0.31054073572158813","0.31054073572158813"
"689","0.35804784297943115","0.35804784297943115","0.35804784297943115"
"690","0.31463178992271423","0.31463178992271423","0.31463178992271423"
"691","0.32316461205482483","0.32316461205482483","0.32316461205482483"
"692","0.2997383773326874","0.2997383773326874","0.2997383773326874"
"693","0.3114573061466217","0.3114573061466217","0.3114573061466217"
"694","0.28616583347320557","0.28616583347320557","0.28616583347320557"
"695","0.26510757207870483","0.26510757207870483","0.26510757207870483"
"696","0.28961360454559326","0.28961360454559326","0.28961360454559326"
"697","0.2986452877521515","0.2986452877521515","0.2986452877521515"
"698","0.3066018521785736","0.3066018521785736","0.3066018521785736"
"699","0.36481282114982605","0.36481282114982605","0.36481282114982605"
"700","0.33685579895973206","0.33685579895973206","0.33685579895973206"
"701","0.30526572465896606","0.30526572465896606","0.30526572465896606"
"702","0.34535467624664307","0.34535467624664307","0.34535467624664307"
"703","0.34228289127349854","0.34228289127349854","0.34228289127349854"
"704","0.30019325017929077","0.30019325017929077","0.30019325017929077"
"705","0.3080349862575531","0.3080349862575531","0.3080349862575531"
"706","0.2973315119743347","0.2973315119743347","0.2973315119743347"
"707","0.32530996203422546","0.32530996203422546","0.32530996203422546"
"708","0.32837972044944763","0.32837972044944763","0.32837972044944763"
"709","0.315014123916626","0.315014123916626","0.315014123916626"
"710","0.2930133640766144","0.2930133640766144","0.2930133640766144"
"711","0.25846800208091736","0.25846800208091736","0.25846800208091736"
"712","0.3157014846801758","0.3157014846801758","0.3157014846801758"
"713","0.3062782883644104","0.3062782883644104","0.3062782883644104"
"714","0.27930113673210144","0.27930113673210144","0.27930113673210144"
"715","0.28846684098243713","0.28846684098243713","0.28846684098243713"
"716","0.30610907077789307","0.30610907077789307","0.30610907077789307"
"717","0.3460848033428192","0.3460848033428192","0.3460848033428192"
"718","0.3222234547138214","0.3222234547138214","0.3222234547138214"
"719","0.29465609788894653","0.29465609788894653","0.29465609788894653"
"720","0.348377525806427","0.348377525806427","0.348377525806427"
"721","0.3755027949810028","0.3755027949810028","0.3755027949810028"
"722","0.3473438620567322","0.3473438620567322","0.3473438620567322"
"723","0.3717159330844879","0.3717159330844879","0.3717159330844879"
"724","0.3154405653476715","0.3154405653476715","0.3154405653476715"
"725","0.3733881115913391","0.3733881115913391","0.3733881115913391"
"726","0.3614659011363983","0.3614659011363983","0.3614659011363983"
"727","0.41588762402534485","0.41588762402534485","0.41588762402534485"
"728","0.3985811173915863","0.3985811173915863","0.3985811173915863"
"729","0.4454617500305176","0.4454617500305176","0.4454617500305176"
"730","0.335013210773468","0.335013210773468","0.335013210773468"
"731","0.38815024495124817","0.38815024495124817","0.38815024495124817"
"732","0.356491357088089","0.356491357088089","0.356491357088089"
"733","0.36056458950042725","0.36056458950042725","0.36056458950042725"
"734","0.36860018968582153","0.36860018968582153","0.36860018968582153"
"735","0.37844517827033997","0.37844517827033997","0.37844517827033997"
"736","0.4082445800304413","0.4082445800304413","0.4082445800304413"
"737","0.4373549222946167","0.4373549222946167","0.4373549222946167"
"738","0.3389800190925598","0.3389800190925598","0.3389800190925598"
"739","0.3557709753513336","0.3557709753513336","0.3557709753513336"
"740","0.35030999779701233","0.35030999779701233","0.35030999779701233"
"741","0.3490135073661804","0.3490135073661804","0.3490135073661804"
"742","0.38558852672576904","0.38558852672576904","0.38558852672576904"
"743","0.42303574085235596","0.42303574085235596","0.42303574085235596"
"744","0.3031754791736603","0.3031754791736603","0.3031754791736603"
"745","0.38560107350349426","0.38560107350349426","0.38560107350349426"
"746","0.3484075665473938","0.3484075665473938","0.3484075665473938"
"747","0.3922693133354187","0.3922693133354187","0.3922693133354187"
"748","0.39572370052337646","0.39572370052337646","0.39572370052337646"
"749","0.3449046015739441","0.3449046015739441","0.3449046015739441"
"750","0.33670076727867126","0.33670076727867126","0.33670076727867126"
"751","0.3161371648311615","0.3161371648311615","0.3161371648311615"
"752","0.2832285463809967","0.2832285463809967","0.2832285463809967"
"753","0.3434318006038666","0.3434318006038666","0.3434318006038666"
"754","0.3574521541595459","0.3574521541595459","0.3574521541595459"
"755","0.2927505671977997","0.2927505671977997","0.2927505671977997"
"756","0.29595947265625","0.29595947265625","0.29595947265625"
"757","0.2999384105205536","0.2999384105205536","0.2999384105205536"
"758","0.26922816038131714","0.26922816038131714","0.26922816038131714"
"759","0.2475520521402359","0.2475520521402359","0.2475520521402359"
"760","0.26341792941093445","0.26341792941093445","0.26341792941093445"
"761","0.3166768252849579","0.3166768252849579","0.3166768252849579"
"762","0.253986656665802","0.253986656665802","0.253986656665802"
"763","0.31282463669776917","0.31282463669776917","0.31282463669776917"
"764","0.2911641001701355","0.2911641001701355","0.2911641001701355"
"765","0.281875878572464","0.281875878572464","0.281875878572464"
"766","0.3148062229156494","0.3148062229156494","0.3148062229156494"
"767","0.3225158154964447","0.3225158154964447","0.3225158154964447"
"768","0.3307948112487793","0.3307948112487793","0.3307948112487793"
"769","0.319792240858078","0.319792240858078","0.319792240858078"
"770","0.3868449330329895","0.3868449330329895","0.3868449330329895"
"771","0.31964582204818726","0.31964582204818726","0.31964582204818726"
"772","0.3503416180610657","0.3503416180610657","0.3503416180610657"
"773","0.33842411637306213","0.33842411637306213","0.33842411637306213"
"774","0.383010596036911","0.383010596036911","0.383010596036911"
"775","0.4037471413612366","0.4037471413612366","0.4037471413612366"
"776","0.33354341983795166","0.33354341983795166","0.33354341983795166"
"777","0.35448673367500305","0.35448673367500305","0.35448673367500305"
"778","0.3457290828227997","0.3457290828227997","0.3457290828227997"
"779","0.35791099071502686","0.35791099071502686","0.35791099071502686"
"780","0.3686074912548065","0.3686074912548065","0.3686074912548065"
"781","0.42388680577278137","0.42388680577278137","0.42388680577278137"
"782","0.3701725900173187","0.3701725900173187","0.3701725900173187"
"783","0.41547927260398865","0.41547927260398865","0.41547927260398865"
"784","0.3586832880973816","0.3586832880973816","0.3586832880973816"
"785","0.40527841448783875","0.40527841448783875","0.40527841448783875"
"786","0.38666707277297974","0.38666707277297974","0.38666707277297974"
"787","0.40663525462150574","0.40663525462150574","0.40663525462150574"
"788","0.35561278462409973","0.35561278462409973","0.35561278462409973"
"789","0.3458339273929596","0.3458339273929596","0.3458339273929596"
"790","0.3559054434299469","0.3559054434299469","0.3559054434299469"
"791","0.38587459921836853","0.38587459921836853","0.38587459921836853"
"792","0.40486660599708557","0.40486660599708557","0.40486660599708557"
"793","0.4041437804698944","0.4041437804698944","0.4041437804698944"
"794","0.4018881022930145","0.4018881022930145","0.4018881022930145"
"795","0.4367050230503082","0.4367050230503082","0.4367050230503082"
"796","0.3637913763523102","0.3637913763523102","0.3637913763523102"
"797","0.46180370450019836","0.46180370450019836","0.46180370450019836"
"798","0.3953462839126587","0.3953462839126587","0.3953462839126587"
"799","0.5835676193237305","0.5835676193237305","0.5835676193237305"
"800","0.5637757182121277","0.5637757182121277","0.5637757182121277"
"801","0.6058294177055359","0.6058294177055359","0.6058294177055359"
"802","0.5978627800941467","0.5978627800941467","0.5978627800941467"
"803","0.5454961061477661","0.5454961061477661","0.5454961061477661"
"804","0.5947772860527039","0.5947772860527039","0.5947772860527039"
"805","0.5268919467926025","0.5268919467926025","0.5268919467926025"
"806","0.5136760473251343","0.5136760473251343","0.5136760473251343"
"807","0.5096055865287781","0.5096055865287781","0.5096055865287781"
"808","0.6031315922737122","0.6031315922737122","0.6031315922737122"
"809","0.5909189581871033","0.5909189581871033","0.5909189581871033"
"810","0.534105658531189","0.534105658531189","0.534105658531189"
"811","0.6123794317245483","0.6123794317245483","0.6123794317245483"
"812","0.645980715751648","0.645980715751648","0.645980715751648"
"813","0.6454517245292664","0.6454517245292664","0.6454517245292664"
"814","0.6400291323661804","0.6400291323661804","0.6400291323661804"
"815","0.6600919365882874","0.6600919365882874","0.6600919365882874"
"816","0.7559774518013","0.7559774518013","0.7559774518013"
"817","0.6636741161346436","0.6636741161346436","0.6636741161346436"
"818","0.8113234043121338","0.8113234043121338","0.8113234043121338"
"819","0.6243462562561035","0.6243462562561035","0.6243462562561035"
"820","0.7237669229507446","0.7237669229507446","0.7237669229507446"
"821","0.6376088857650757","0.6376088857650757","0.6376088857650757"
"822","0.8247506618499756","0.8247506618499756","0.8247506618499756"
"823","0.6510831117630005","0.6510831117630005","0.6510831117630005"
"824","0.7871043682098389","0.7871043682098389","0.7871043682098389"
"825","0.6927708983421326","0.6927708983421326","0.6927708983421326"
"826","0.8025528192520142","0.8025528192520142","0.8025528192520142"
"827","0.672941267490387","0.672941267490387","0.672941267490387"
"828","0.6503810882568359","0.6503810882568359","0.6503810882568359"
"829","0.7114272117614746","0.7114272117614746","0.7114272117614746"
"830","0.7201030850410461","0.7201030850410461","0.7201030850410461"
"831","0.7448318004608154","0.7448318004608154","0.7448318004608154"
"832","0.7742948532104492","0.7742948532104492","0.7742948532104492"
"833","0.8320407271385193","0.8320407271385193","0.8320407271385193"
"834","0.7232636213302612","0.7232636213302612","0.7232636213302612"
"835","0.7997823357582092","0.7997823357582092","0.7997823357582092"
"836","0.6779999136924744","0.6779999136924744","0.6779999136924744"
"837","0.8148119449615479","0.8148119449615479","0.8148119449615479"
"838","0.693574845790863","0.693574845790863","0.693574845790863"
"839","0.7181745171546936","0.7181745171546936","0.7181745171546936"
"840","0.7660329937934875","0.7660329937934875","0.7660329937934875"
"841","0.8458606600761414","0.8458606600761414","0.8458606600761414"
"842","0.822148323059082","0.822148323059082","0.822148323059082"
"843","0.8335432410240173","0.8335432410240173","0.8335432410240173"
"844","0.7623383402824402","0.7623383402824402","0.7623383402824402"
"845","0.9324246644973755","0.9324246644973755","0.9324246644973755"
"846","0.8570932149887085","0.8570932149887085","0.8570932149887085"
"847","1.0135605335235596","1.0135605335235596","1.0135605335235596"
"848","0.9460398554801941","0.9460398554801941","0.9460398554801941"
"849","1.0029983520507812","1.0029983520507812","1.0029983520507812"
"850","1.0169024467468262","1.0169024467468262","1.0169024467468262"
"851","0.9613814949989319","0.9613814949989319","0.9613814949989319"
"852","0.9593561291694641","0.9593561291694641","0.9593561291694641"
"853","0.914772093296051","0.914772093296051","0.914772093296051"
"854","0.9416100382804871","0.9416100382804871","0.9416100382804871"
"855","0.7846850156784058","0.7846850156784058","0.7846850156784058"
"856","0.9075056910514832","0.9075056910514832","0.9075056910514832"
"857","0.8439907431602478","0.8439907431602478","0.8439907431602478"
"858","0.9019984006881714","0.9019984006881714","0.9019984006881714"
"859","0.8777655363082886","0.8777655363082886","0.8777655363082886"
"860","0.9235424995422363","0.9235424995422363","0.9235424995422363"
"861","0.7365997433662415","0.7365997433662415","0.7365997433662415"
"862","0.9323130249977112","0.9323130249977112","0.9323130249977112"
"863","0.880297839641571","0.880297839641571","0.880297839641571"
"864","0.9579660892486572","0.9579660892486572","0.9579660892486572"
"865","0.8715947866439819","0.8715947866439819","0.8715947866439819"
"866","0.9555565118789673","0.9555565118789673","0.9555565118789673"
"867","0.8490097522735596","0.8490097522735596","0.8490097522735596"
"868","0.9667648077011108","0.9667648077011108","0.9667648077011108"
"869","0.871110200881958","0.871110200881958","0.871110200881958"
"870","1.0176395177841187","1.0176395177841187","1.0176395177841187"
"871","1.0948491096496582","1.0948491096496582","1.0948491096496582"
"872","0.9284436702728271","0.9284436702728271","0.9284436702728271"
"873","1.0451728105545044","1.0451728105545044","1.0451728105545044"
"874","0.9634997248649597","0.9634997248649597","0.9634997248649597"
"875","1.1236106157302856","1.1236106157302856","1.1236106157302856"
"876","0.9091153144836426","0.9091153144836426","0.9091153144836426"
"877","0.9176321029663086","0.9176321029663086","0.9176321029663086"
"878","0.9336585402488708","0.9336585402488708","0.9336585402488708"
"879","0.8950420618057251","0.8950420618057251","0.8950420618057251"
"880","0.9054977893829346","0.9054977893829346","0.9054977893829346"
"881","0.9999352693557739","0.9999352693557739","0.9999352693557739"
"882","1.1035712957382202","1.1035712957382202","1.1035712957382202"
"883","1.0407744646072388","1.0407744646072388","1.0407744646072388"
"884","1.2066843509674072","1.2066843509674072","1.2066843509674072"
"885","1.2456825971603394","1.2456825971603394","1.2456825971603394"
"886","1.2917406558990479","1.2917406558990479","1.2917406558990479"
"887","1.153100848197937","1.153100848197937","1.153100848197937"
"888","1.3363124132156372","1.3363124132156372","1.3363124132156372"
"889","1.3064647912979126","1.3064647912979126","1.3064647912979126"
"890","1.3451566696166992","1.3451566696166992","1.3451566696166992"
"891","1.3600647449493408","1.3600647449493408","1.3600647449493408"
"892","1.2460252046585083","1.2460252046585083","1.2460252046585083"
"893","1.2338658571243286","1.2338658571243286","1.2338658571243286"
"894","1.256421685218811","1.256421685218811","1.256421685218811"
"895","1.2885257005691528","1.2885257005691528","1.2885257005691528"
"896","1.2824546098709106","1.2824546098709106","1.2824546098709106"
"897","1.1268941164016724","1.1268941164016724","1.1268941164016724"
"898","1.2520947456359863","1.2520947456359863","1.2520947456359863"
"899","1.2826277017593384","1.2826277017593384","1.2826277017593384"
"900","1.3731389045715332","1.3731389045715332","1.3731389045715332"
"901","1.2613805532455444","1.2613805532455444","1.2613805532455444"
"902","1.3420488834381104","1.3420488834381104","1.3420488834381104"
"903","1.3462495803833008","1.3462495803833008","1.3462495803833008"
"904","1.4221069812774658","1.4221069812774658","1.4221069812774658"
"905","1.408158779144287","1.408158779144287","1.408158779144287"
"906","1.273293137550354","1.273293137550354","1.273293137550354"
"907","1.35523521900177","1.35523521900177","1.35523521900177"
"908","1.3729289770126343","1.3729289770126343","1.3729289770126343"
"909","1.3873964548110962","1.3873964548110962","1.3873964548110962"
"910","1.5120882987976074","1.5120882987976074","1.5120882987976074"
"911","1.2734708786010742","1.2734708786010742","1.2734708786010742"
"912","1.4641971588134766","1.4641971588134766","1.4641971588134766"
"913","1.305195927619934","1.305195927619934","1.305195927619934"
"914","1.3331902027130127","1.3331902027130127","1.3331902027130127"
"915","1.210408091545105","1.210408091545105","1.210408091545105"
"916","1.4559617042541504","1.4559617042541504","1.4559617042541504"
"917","1.1682249307632446","1.1682249307632446","1.1682249307632446"
"918","1.3837425708770752","1.3837425708770752","1.3837425708770752"
"919","1.239101767539978","1.239101767539978","1.239101767539978"
"920","1.4443517923355103","1.4443517923355103","1.4443517923355103"
"921","1.217848777770996","1.217848777770996","1.217848777770996"
"922","1.509568691253662","1.509568691253662","1.509568691253662"
"923","1.3633146286010742","1.3633146286010742","1.3633146286010742"
"924","1.5395692586898804","1.5395692586898804","1.5395692586898804"
"925","1.2293092012405396","1.2293092012405396","1.2293092012405396"
"926","1.4368443489074707","1.4368443489074707","1.4368443489074707"
"927","1.3365788459777832","1.3365788459777832","1.3365788459777832"